{
	"hooks": [
		{
			"name": "app.payment.processor.GESTPAY_CREDIT",
			"script": "./payment/processor/GESTPAY_CREDIT"
		},
		{
			"name": "app.payment.processor.GESTPAY_PAYMENT_GATEWAY",
			"script": "./payment/processor/GESTPAY_PAYMENT_GATEWAY"
		},
		{
			"name": "app.payment.processor.gestpay_credit",
			"script": "./hooks/payment/processor/gestpay_credit"
		},
		{
			"name": "app.payment.processor.gestpay_payment_gateway",
			"script": "./hooks/payment/processor/gestpay_payment_gateway"
		},
		{
			"name": "app.payment.processor.GESTPAY_APPLEPAY",
			"script": "./payment/processor/GESTPAY_APPLEPAY"
		},
		{
			"name": "dw.extensions.applepay.paymentAuthorized.authorizeOrderPayment",
			"script": "./checkout/applepay.js"
		},
		{
			"name": "dw.extensions.applepay.getRequest",
			"script": "./checkout/applepay.js"
		}
	]
}
 