<?xml version="1.0" encoding="UTF-8"?>
<jobs xmlns="http://www.demandware.com/xml/impex/jobs/2015-07-01">
    <job job-id="gestpay-s2s-job" priority="0">
        <description/>
        <parameters/>
        <flow>
            <context site-id="MobileFirst"/>
            <step step-id="GestPay Notify (MobileFirst)" type="ExecuteScriptModule" enforce-restart="true">
                <description/>
                <parameters>
                    <parameter name="ExecuteScriptModule.Module">int_gestpay/cartridge/scripts/jobs/notification</parameter>
                    <parameter name="ExecuteScriptModule.FunctionName">execute</parameter>
                    <parameter name="ExecuteScriptModule.Transactional">false</parameter>
                </parameters>
            </step>
        </flow>
        <rules/>
        <triggers>
            <run-recurring enabled="false">
                <recurrence>
                    <date-from>2018-06-12Z</date-from>
                    <start-time>17:15:00.000Z</start-time>
                    <interval>5m</interval>
                    <day-of-week>
                        <weekday>Thursday</weekday>
                        <weekday>Wednesday</weekday>
                        <weekday>Monday</weekday>
                        <weekday>Tuesday</weekday>
                        <weekday>Friday</weekday>
                        <weekday>Sunday</weekday>
                        <weekday>Saturday</weekday>
                    </day-of-week>
                </recurrence>
            </run-recurring>
        </triggers>
    </job>
</jobs>