<?xml version="1.0" encoding="UTF-8"?>
<payment-settings xmlns="http://www.demandware.com/xml/impex/paymentsettings/2009-09-15">
    <payment-method method-id="CREDIT_CARD">
        <name xml:lang="x-default">Credit Card standard</name>
        <name xml:lang="fr-FR">Carte de crédit</name>
        <name xml:lang="it-IT">Carta di credito</name>
        <name xml:lang="ja-JP">クレジットカード</name>
        <name xml:lang="zh-CN">信用卡</name>
        <enabled-flag>true</enabled-flag>
        <processor-id>GESTPAY_CREDIT</processor-id>
    </payment-method>

    <payment-method method-id="DW_APPLE_PAY">
        <name xml:lang="x-default">Apple Pay</name>
        <enabled-flag>false</enabled-flag>
    </payment-method>

    <payment-method method-id="AMAZONPAY">
        <name xml:lang="x-default">Amazon Pay</name>
        <enabled-flag>true</enabled-flag>
        <processor-id>GESTPAY_PAYMENT_GATEWAY</processor-id>
    </payment-method>

    <payment-method method-id="S2PALI">
        <name xml:lang="x-default">Alipay</name>
        <enabled-flag>true</enabled-flag>
        <processor-id>GESTPAY_PAYMENT_GATEWAY</processor-id>
    </payment-method>

    <payment-method method-id="S2PYAN">
        <name xml:lang="x-default">Yandex</name>
        <enabled-flag>true</enabled-flag>
        <processor-id>GESTPAY_PAYMENT_GATEWAY</processor-id>
    </payment-method>
    <payment-method method-id="S2PQIW">
        <name xml:lang="x-default">Qiwi</name>
        <enabled-flag>true</enabled-flag>
        <processor-id>GESTPAY_PAYMENT_GATEWAY</processor-id>
    </payment-method>
    <payment-method method-id="S2PUNI">
        <name xml:lang="x-default">UnionPay</name>
        <enabled-flag>true</enabled-flag>
        <processor-id>GESTPAY_PAYMENT_GATEWAY</processor-id>
    </payment-method>
    <payment-method method-id="S2PIDE">
        <name xml:lang="x-default">iDeal</name>
        <enabled-flag>true</enabled-flag>
        <processor-id>GESTPAY_PAYMENT_GATEWAY</processor-id>
    </payment-method>
    <payment-method method-id="KLARNA">
        <name xml:lang="x-default">Klarna</name>
        <enabled-flag>true</enabled-flag>
        <processor-id>GESTPAY_PAYMENT_GATEWAY</processor-id>
    </payment-method>
    <payment-method method-id="S2PSOF">
        <name xml:lang="x-default">Sofort</name>
        <enabled-flag>true</enabled-flag>
        <processor-id>GESTPAY_PAYMENT_GATEWAY</processor-id>
    </payment-method>
    <payment-method method-id="MYBANK">
        <name xml:lang="x-default">MyBank</name>
        <enabled-flag>true</enabled-flag>
        <processor-id>GESTPAY_PAYMENT_GATEWAY</processor-id>
    </payment-method>

    <payment-method method-id="S2PEPS">
        <name xml:lang="x-default">EPS</name>
        <enabled-flag>true</enabled-flag>
        <processor-id>GESTPAY_PAYMENT_GATEWAY</processor-id>
    </payment-method>

    <payment-method method-id="S2PGIR">
        <name xml:lang="x-default">Giropay</name>
        <enabled-flag>true</enabled-flag>
        <processor-id>GESTPAY_PAYMENT_GATEWAY</processor-id>
    </payment-method>

    <payment-method method-id="S2PCRU">
        <name xml:lang="x-default">CardsRussia</name>
        <enabled-flag>true</enabled-flag>
        <processor-id>GESTPAY_PAYMENT_GATEWAY</processor-id>
    </payment-method>

    <payment-method method-id="BANCOMATPAY">
        <name xml:lang="x-default">Bancomatpay</name>
        <enabled-flag>true</enabled-flag>
        <processor-id>GESTPAY_PAYMENT_GATEWAY</processor-id>
    </payment-method>

    <payment-method method-id="KLARNAPAYNOW">
        <name xml:lang="x-default">Klarna Pay Now</name>
        <enabled-flag>true</enabled-flag>
        <processor-id>GESTPAY_PAYMENT_GATEWAY</processor-id>
    </payment-method>

    <payment-method method-id="BANCONTACT">
        <name xml:lang="x-default">Bancontact</name>
        <enabled-flag>true</enabled-flag>
        <processor-id>GESTPAY_PAYMENT_GATEWAY</processor-id>
    </payment-method>

    <payment-method method-id="PAYPAL_BNPL">
        <name xml:lang="x-default">PayPal Buy Now Pay Later</name>
        <enabled-flag>true</enabled-flag>
        <processor-id>GESTPAY_PAYMENT_GATEWAY</processor-id>
    </payment-method>

    <payment-method method-id="SATISPAY">
        <name xml:lang="x-default">Satispay</name>
        <enabled-flag>true</enabled-flag>
        <processor-id>GESTPAY_PAYMENT_GATEWAY</processor-id>
    </payment-method>

    <payment-method method-id="PAYBYLINK">
        <name xml:lang="x-default">Pay By Link</name>
        <enabled-flag>true</enabled-flag>
        <processor-id>GESTPAY_PAYBYLINK</processor-id>
    </payment-method>

    <payment-method method-id="FABRICKPASS">
        <name xml:lang="x-default">FABRICKPASS</name>
        <enabled-flag>false</enabled-flag>
        <processor-id>GESTPAY_PAYMENT_GATEWAY</processor-id>
    </payment-method>

    <payment-method method-id="APPPAGO">
        <name xml:lang="x-default">APPPAGO</name>
        <enabled-flag>false</enabled-flag>
        <processor-id>GESTPAY_PAYMENT_GATEWAY</processor-id>
    </payment-method>
</payment-settings>
