<?xml version="1.0" encoding="UTF-8"?>
<services xmlns="http://www.demandware.com/xml/impex/services/2014-09-26">
    <service-credential service-credential-id="gestpay.rest.paymentDetail.post">
        <url>https://sandbox.gestpay.net/api/v1/payment/detail</url>
        <user-id/>
        <password/>
    </service-credential>

    <service-credential service-credential-id="gestpay.rest.paymentCreate.post">
        <url>https://sandbox.gestpay.net/api/v1/payment/create</url>
        <user-id/>
        <password/>
    </service-credential>

    <service-profile service-profile-id="GestPay">
        <timeout-millis>50000</timeout-millis>
        <rate-limit-enabled>false</rate-limit-enabled>
        <rate-limit-calls>0</rate-limit-calls>
        <rate-limit-millis>0</rate-limit-millis>
        <cb-enabled>true</cb-enabled>
        <cb-calls>300</cb-calls>
        <cb-millis>1000</cb-millis>
    </service-profile>

    <service service-id="gestpay.rest.paymentDetails.post">
        <service-type>HTTP</service-type>
        <enabled>true</enabled>
        <log-prefix/>
        <comm-log-enabled>false</comm-log-enabled>
        <force-prd-enabled>true</force-prd-enabled>
        <mock-mode-enabled>false</mock-mode-enabled>
        <profile-id>GestPay</profile-id>
        <credential-id>gestpay.rest.paymentDetail.post</credential-id>
    </service>

    <service service-id="gestpay.rest.paymentCreate.post">
        <service-type>HTTP</service-type>
        <enabled>true</enabled>
        <log-prefix/>
        <comm-log-enabled>false</comm-log-enabled>
        <force-prd-enabled>true</force-prd-enabled>
        <mock-mode-enabled>false</mock-mode-enabled>
        <profile-id>GestPay</profile-id>
        <credential-id>gestpay.rest.paymentCreate.post</credential-id>
    </service>

    <service service-id="gestpay.soap.ecomm.callCheckCartaS2S">
        <service-type>SOAP</service-type>
        <enabled>true</enabled>
        <log-prefix>gestpay</log-prefix>
        <comm-log-enabled>false</comm-log-enabled>
        <force-prd-enabled>false</force-prd-enabled>
        <mock-mode-enabled>false</mock-mode-enabled>
        <profile-id>GestPay</profile-id>
        <credential-id/>
    </service>

    <service service-id="gestpay.soap.ecomm.callDeleteS2S">
        <service-type>SOAP</service-type>
        <enabled>true</enabled>
        <log-prefix>gestpay</log-prefix>
        <comm-log-enabled>false</comm-log-enabled>
        <force-prd-enabled>false</force-prd-enabled>
        <mock-mode-enabled>false</mock-mode-enabled>
        <profile-id>GestPay</profile-id>
        <credential-id/>
    </service>

    <service service-id="gestpay.soap.ecomm.callDeleteTokenS2S">
        <service-type>SOAP</service-type>
        <enabled>true</enabled>
        <log-prefix>gestpay</log-prefix>
        <comm-log-enabled>false</comm-log-enabled>
        <force-prd-enabled>false</force-prd-enabled>
        <mock-mode-enabled>false</mock-mode-enabled>
        <profile-id>GestPay</profile-id>
        <credential-id/>
    </service>

    <service service-id="gestpay.soap.ecomm.callIdealListS2S">
        <service-type>SOAP</service-type>
        <enabled>true</enabled>
        <log-prefix>gestpay</log-prefix>
        <comm-log-enabled>false</comm-log-enabled>
        <force-prd-enabled>false</force-prd-enabled>
        <mock-mode-enabled>false</mock-mode-enabled>
        <profile-id>GestPay</profile-id>
        <credential-id/>
    </service>

    <service service-id="gestpay.soap.ecomm.callMyBankListS2S">
        <service-type>SOAP</service-type>
        <enabled>true</enabled>
        <log-prefix>gestpay</log-prefix>
        <comm-log-enabled>false</comm-log-enabled>
        <force-prd-enabled>false</force-prd-enabled>
        <mock-mode-enabled>false</mock-mode-enabled>
        <profile-id>GestPay</profile-id>
        <credential-id/>
    </service>

    <service service-id="gestpay.soap.ecomm.callPagamS2S">
        <service-type>SOAP</service-type>
        <enabled>true</enabled>
        <log-prefix>gestpay</log-prefix>
        <comm-log-enabled>false</comm-log-enabled>
        <force-prd-enabled>false</force-prd-enabled>
        <mock-mode-enabled>false</mock-mode-enabled>
        <profile-id>GestPay</profile-id>
        <credential-id/>
    </service>

    <service service-id="gestpay.soap.ecomm.callReadTrxS2S">
        <service-type>SOAP</service-type>
        <enabled>true</enabled>
        <log-prefix>gestpay</log-prefix>
        <comm-log-enabled>false</comm-log-enabled>
        <force-prd-enabled>false</force-prd-enabled>
        <mock-mode-enabled>false</mock-mode-enabled>
        <profile-id>GestPay</profile-id>
        <credential-id/>
    </service>

    <service service-id="gestpay.soap.ecomm.callRefundS2S">
        <service-type>SOAP</service-type>
        <enabled>true</enabled>
        <log-prefix>gestpay</log-prefix>
        <comm-log-enabled>false</comm-log-enabled>
        <force-prd-enabled>false</force-prd-enabled>
        <mock-mode-enabled>false</mock-mode-enabled>
        <profile-id>GestPay</profile-id>
        <credential-id/>
    </service>

    <service service-id="gestpay.soap.ecomm.callRequestTokenS2S">
        <service-type>SOAP</service-type>
        <enabled>true</enabled>
        <log-prefix>gestpay</log-prefix>
        <comm-log-enabled>false</comm-log-enabled>
        <force-prd-enabled>false</force-prd-enabled>
        <mock-mode-enabled>false</mock-mode-enabled>
        <profile-id>GestPay</profile-id>
        <credential-id/>
    </service>

    <service service-id="gestpay.soap.ecomm.callSettleS2S">
        <service-type>SOAP</service-type>
        <enabled>true</enabled>
        <log-prefix>gestpay</log-prefix>
        <comm-log-enabled>false</comm-log-enabled>
        <force-prd-enabled>false</force-prd-enabled>
        <mock-mode-enabled>false</mock-mode-enabled>
        <profile-id>GestPay</profile-id>
        <credential-id/>
    </service>

    <service service-id="gestpay.soap.ecomm.callUpdateOrderS2S">
        <service-type>SOAP</service-type>
        <enabled>true</enabled>
        <log-prefix>gestpay</log-prefix>
        <comm-log-enabled>false</comm-log-enabled>
        <force-prd-enabled>false</force-prd-enabled>
        <mock-mode-enabled>false</mock-mode-enabled>
        <profile-id>GestPay</profile-id>
        <credential-id/>
    </service>

    <service service-id="gestpay.soap.ecomm.callUpdateTokenS2S">
        <service-type>SOAP</service-type>
        <enabled>true</enabled>
        <log-prefix>gestpay</log-prefix>
        <comm-log-enabled>false</comm-log-enabled>
        <force-prd-enabled>false</force-prd-enabled>
        <mock-mode-enabled>false</mock-mode-enabled>
        <profile-id>GestPay</profile-id>
        <credential-id/>
    </service>

    <service service-id="gestpay.soap.ecomm.callVerifycardS2S">
        <service-type>SOAP</service-type>
        <enabled>true</enabled>
        <log-prefix>gestpay</log-prefix>
        <comm-log-enabled>false</comm-log-enabled>
        <force-prd-enabled>false</force-prd-enabled>
        <mock-mode-enabled>false</mock-mode-enabled>
        <profile-id>GestPay</profile-id>
        <credential-id/>
    </service>

    <service service-id="gestpay.soap.ecomm.decrypt">
        <service-type>SOAP</service-type>
        <enabled>true</enabled>
        <log-prefix>gestpay</log-prefix>
        <comm-log-enabled>false</comm-log-enabled>
        <force-prd-enabled>false</force-prd-enabled>
        <mock-mode-enabled>false</mock-mode-enabled>
        <profile-id>GestPay</profile-id>
        <credential-id/>
    </service>

    <service service-id="gestpay.soap.ecomm.encrypt">
        <service-type>SOAP</service-type>
        <enabled>true</enabled>
        <log-prefix>gestpay</log-prefix>
        <comm-log-enabled>false</comm-log-enabled>
        <force-prd-enabled>false</force-prd-enabled>
        <mock-mode-enabled>false</mock-mode-enabled>
        <profile-id>GestPay</profile-id>
        <credential-id/>
    </service>

</services>
