<?xml version="1.0" encoding="UTF-8"?>
<metadata xmlns="http://www.demandware.com/xml/impex/metadata/2006-10-31">
  <type-extension type-id="Basket">
    <custom-attribute-definitions>
      <attribute-definition attribute-id="gestPayCryptDecryptString">
        <display-name xml:lang="x-default">CryptDecryptString for banca sella</display-name>
        <type>string</type>
        <mandatory-flag>false</mandatory-flag>
        <externally-managed-flag>false</externally-managed-flag>
        <min-length>0</min-length>
      </attribute-definition>
    </custom-attribute-definitions>
    <group-definitions>
      <attribute-group group-id="gestpay">
        <display-name xml:lang="x-default">gestpay attributes</display-name>
        <attribute attribute-id="gestPayCryptDecryptString"/>
      </attribute-group>
    </group-definitions>
  </type-extension>

  <type-extension type-id="CustomerPaymentInstrument">
    <custom-attribute-definitions>
      <attribute-definition attribute-id="isGestPayToken">
        <display-name xml:lang="x-default">Banca Sella token</display-name>
        <type>boolean</type>
        <mandatory-flag>false</mandatory-flag>
        <externally-managed-flag>false</externally-managed-flag>
      </attribute-definition>
      <attribute-definition attribute-id="tokenExpiryMonth">
        <display-name xml:lang="x-default">Banca Sella token expiry month</display-name>
        <type>string</type>
        <mandatory-flag>false</mandatory-flag>
        <externally-managed-flag>false</externally-managed-flag>
        <min-length>1</min-length>
      </attribute-definition>
      <attribute-definition attribute-id="tokenExpiryYear">
        <display-name xml:lang="x-default">Banca Sella token expiry year</display-name>
        <type>string</type>
        <mandatory-flag>false</mandatory-flag>
        <externally-managed-flag>false</externally-managed-flag>
        <min-length>1</min-length>
      </attribute-definition>
    </custom-attribute-definitions>
    <group-definitions>
      <attribute-group group-id="gestpay">
        <display-name xml:lang="x-default">gestpay attributes</display-name>
        <attribute attribute-id="isGestPayToken"/>
      </attribute-group>
    </group-definitions>
  </type-extension>

  <type-extension type-id="Order">
    <custom-attribute-definitions>
      <attribute-definition attribute-id="bankTransactionID">
        <display-name xml:lang="x-default">Bank Transaction ID for banca sella</display-name>
        <type>string</type>
        <mandatory-flag>false</mandatory-flag>
        <externally-managed-flag>false</externally-managed-flag>
        <min-length>0</min-length>
      </attribute-definition>
      <attribute-definition attribute-id="gestPayCryptDecryptString">
        <display-name xml:lang="x-default">CryptDecryptString for banca sella</display-name>
        <type>string</type>
        <mandatory-flag>false</mandatory-flag>
        <externally-managed-flag>false</externally-managed-flag>
        <min-length>0</min-length>
      </attribute-definition>
      <attribute-definition attribute-id="gestPayTransactionResult">
        <display-name xml:lang="x-default">transaction result</display-name>
        <type>string</type>
        <mandatory-flag>false</mandatory-flag>
        <externally-managed-flag>true</externally-managed-flag>
        <min-length>0</min-length>
      </attribute-definition>
      <attribute-definition attribute-id="transKey">
        <display-name xml:lang="x-default">Bank Transaction key for banca sella 3d secure</display-name>
        <type>string</type>
        <mandatory-flag>false</mandatory-flag>
        <externally-managed-flag>false</externally-managed-flag>
        <min-length>0</min-length>
      </attribute-definition>
      <attribute-definition attribute-id="amazonOrderReferenceID">
        <display-name xml:lang="x-default">Amazon Pay Order Reference ID</display-name>
        <type>string</type>
        <mandatory-flag>false</mandatory-flag>
        <externally-managed-flag>false</externally-managed-flag>
        <min-length>0</min-length>
      </attribute-definition>
    </custom-attribute-definitions>
    <group-definitions>
      <attribute-group group-id="gestpay">
        <display-name xml:lang="x-default">gestpay attributes</display-name>
        <attribute attribute-id="gestPayTransactionResult"/>
      </attribute-group>
      <attribute-group group-id="AmazonPay">
        <display-name xml:lang="x-default">Amazon Pay Configurations</display-name>
        <attribute attribute-id="amazonOrderReferenceID"/>
      </attribute-group>
    </group-definitions>
  </type-extension>

  <type-extension type-id="OrderPaymentInstrument">
    <custom-attribute-definitions>
      <attribute-definition attribute-id="fraudCheckCode">
        <display-name xml:lang="x-default">Risk Fraud Score Code</display-name>
        <type>string</type>
        <mandatory-flag>false</mandatory-flag>
        <externally-managed-flag>false</externally-managed-flag>
        <min-length>0</min-length>
      </attribute-definition>
      <attribute-definition attribute-id="fraudCheckMode">
        <display-name xml:lang="x-default">Risk Fraud Mode</display-name>
        <type>string</type>
        <mandatory-flag>false</mandatory-flag>
        <externally-managed-flag>true</externally-managed-flag>
        <min-length>0</min-length>
      </attribute-definition>
      <attribute-definition attribute-id="fraudCheckResponseList">
        <display-name xml:lang="x-default">Risk Fraud Score of the transaction, given by Gestpay Guaranteed Checkout</display-name>
        <type>set-of-string</type>
        <mandatory-flag>false</mandatory-flag>
        <externally-managed-flag>true</externally-managed-flag>
      </attribute-definition>
      <attribute-definition attribute-id="gestPayShopLogin">
        <display-name xml:lang="x-default">GestPay Shop Login used for the transaction</display-name>
        <type>string</type>
        <mandatory-flag>false</mandatory-flag>
        <externally-managed-flag>false</externally-managed-flag>
        <min-length>0</min-length>
      </attribute-definition>
      <attribute-definition attribute-id="gestPayTransactionResult">
        <display-name xml:lang="x-default">Gestpay transaction result ( OK / KO / XX )</display-name>
        <type>string</type>
        <mandatory-flag>false</mandatory-flag>
        <externally-managed-flag>false</externally-managed-flag>
        <min-length>0</min-length>
      </attribute-definition>
      <attribute-definition attribute-id="isGestPayToken">
        <display-name xml:lang="x-default">Banca Sella token</display-name>
        <type>boolean</type>
        <mandatory-flag>false</mandatory-flag>
        <externally-managed-flag>false</externally-managed-flag>
      </attribute-definition>
      <attribute-definition attribute-id="isS2s">
        <display-name xml:lang="x-default">Force the payment transaction to be server to server</display-name>
        <type>boolean</type>
        <mandatory-flag>false</mandatory-flag>
        <externally-managed-flag>true</externally-managed-flag>
      </attribute-definition>
      <attribute-definition attribute-id="gestPayMyBankSelectedCode">
        <display-name xml:lang="x-default">GestPay MyBank Selected value</display-name>
        <type>string</type>
        <mandatory-flag>false</mandatory-flag>
        <externally-managed-flag>false</externally-managed-flag>
        <min-length>0</min-length>
      </attribute-definition>
      <attribute-definition attribute-id="gestPayIdealSelectedCode">
        <display-name xml:lang="x-default">GestPay Ideal Selected value</display-name>
        <type>string</type>
        <mandatory-flag>false</mandatory-flag>
        <externally-managed-flag>false</externally-managed-flag>
        <min-length>0</min-length>
      </attribute-definition>
      <attribute-definition attribute-id="gestPayGooglePayToken">
        <display-name xml:lang="x-default">GestPay GooglePay Token</display-name>
        <type>string</type>
        <mandatory-flag>false</mandatory-flag>
        <externally-managed-flag>false</externally-managed-flag>
        <min-length>0</min-length>
      </attribute-definition>
      <attribute-definition attribute-id="gestPayPaymentMethod">
        <display-name xml:lang="x-default">Gestpay Payment Method Type</display-name>
        <type>string</type>
        <mandatory-flag>false</mandatory-flag>
        <externally-managed-flag>false</externally-managed-flag>
        <min-length>0</min-length>
      </attribute-definition>
    </custom-attribute-definitions>
    <group-definitions>
      <attribute-group group-id="gestpay">
        <display-name xml:lang="x-default">gestpay attributes</display-name>
        <attribute attribute-id="fraudCheckCode"/>
        <attribute attribute-id="fraudCheckMode"/>
        <attribute attribute-id="fraudCheckResponseList"/>
        <attribute attribute-id="gestPayTransactionResult"/>
        <attribute attribute-id="gestPayPaymentMethod"/>
        <attribute attribute-id="isGestPayToken"/>
        <attribute attribute-id="gestPayShopLogin"/>
        <attribute attribute-id="isS2s"/>
        <attribute attribute-id="gestPayMyBankSelectedCode"/>
        <attribute attribute-id="gestPayIdealSelectedCode"/>
        <attribute attribute-id="gestPayGooglePayToken"/>
      </attribute-group>
    </group-definitions>
  </type-extension>

  <type-extension type-id="PaymentTransaction">
    <custom-attribute-definitions>
      <attribute-definition attribute-id="gestPayDencryptResult">
        <display-name xml:lang="x-default">Dencrypt result (JSON) used for credit card iframe, S2S notifications and alternative payment methods</display-name>
        <type>string</type>
        <mandatory-flag>false</mandatory-flag>
        <externally-managed-flag>true</externally-managed-flag>
        <min-length>0</min-length>
      </attribute-definition>
      <attribute-definition attribute-id="gestPayEncryptResult">
        <display-name xml:lang="x-default">Encrypt result (JSON) used for credit card iframe and alternative payment methods</display-name>
        <type>string</type>
        <mandatory-flag>false</mandatory-flag>
        <externally-managed-flag>true</externally-managed-flag>
        <min-length>0</min-length>
      </attribute-definition>
      <attribute-definition attribute-id="gestPaySendPaymentResult">
        <display-name xml:lang="x-default">SendPayment result (JSON) used for credit card iframe</display-name>
        <type>string</type>
        <mandatory-flag>false</mandatory-flag>
        <externally-managed-flag>true</externally-managed-flag>
        <min-length>0</min-length>
      </attribute-definition>
      <attribute-definition attribute-id="gestPayShopTransactionID">
        <display-name xml:lang="x-default">Banca Sella Shop transaction ID</display-name>
        <type>string</type>
        <mandatory-flag>false</mandatory-flag>
        <externally-managed-flag>false</externally-managed-flag>
        <min-length>0</min-length>
      </attribute-definition>
      <attribute-definition attribute-id="gestPayTransKey">
        <display-name xml:lang="x-default">Bank Transaction key for banca sella 3d secure</display-name>
        <type>string</type>
        <mandatory-flag>false</mandatory-flag>
        <externally-managed-flag>false</externally-managed-flag>
        <min-length>0</min-length>
      </attribute-definition>
      <attribute-definition attribute-id="gestPayPaymentID">
        <display-name xml:lang="x-default">Miroglo GestPay PaymentID</display-name>
        <type>string</type>
        <mandatory-flag>false</mandatory-flag>
        <externally-managed-flag>false</externally-managed-flag>
        <min-length>0</min-length>
      </attribute-definition>
      <attribute-definition attribute-id="gestPayCreatePaymentRequest">
        <display-name xml:lang="x-default">Miroglio GestPay Create Payment Request</display-name>
        <type>text</type>
        <mandatory-flag>false</mandatory-flag>
        <externally-managed-flag>false</externally-managed-flag>
        <min-length>0</min-length>
      </attribute-definition>
      <attribute-definition attribute-id="gestPayCreatePaymentResponse">
        <display-name xml:lang="x-default">Mioglio GestPay Create Payment Response</display-name>
        <type>text</type>
        <mandatory-flag>false</mandatory-flag>
        <externally-managed-flag>false</externally-managed-flag>
        <min-length>0</min-length>
      </attribute-definition>
    </custom-attribute-definitions>
    <group-definitions>
      <attribute-group group-id="gestpay">
        <display-name xml:lang="x-default">gestpay attributes</display-name>
        <attribute attribute-id="gestPayEncryptResult"/>
        <attribute attribute-id="gestPayDencryptResult"/>
        <attribute attribute-id="gestPaySendPaymentResult"/>
        <attribute attribute-id="gestPayTransKey"/>
        <attribute attribute-id="gestPayPaymentID"/>
        <attribute attribute-id="gestPayPayCreatePaymentRequest"/>
        <attribute attribute-id="gestPayPayCreatePaymentResponse"/>
      </attribute-group>
    </group-definitions>
  </type-extension>

  <type-extension type-id="SitePreferences">
    <custom-attribute-definitions>
      <attribute-definition attribute-id="GestPayApikey">
        <display-name xml:lang="x-default">API Key</display-name>
        <type>string</type>
        <mandatory-flag>false</mandatory-flag>
        <externally-managed-flag>false</externally-managed-flag>
        <min-length>0</min-length>
      </attribute-definition>
      <attribute-definition attribute-id="GestPayCompatibilityVersion">
        <display-name xml:lang="x-default">GestPayCompatibilityVersion</display-name>
        <description xml:lang="x-default">compatibility management between sfra 5 6</description>
        <type>enum-of-int</type>
        <mandatory-flag>true</mandatory-flag>
        <externally-managed-flag>false</externally-managed-flag>
        <value-definitions>
          <value-definition>
            <display xml:lang="x-default">Previus 6</display>
            <value>5</value>
          </value-definition>
          <value-definition default="true">
            <display xml:lang="x-default">Greater than equal 6</display>
            <value>6</value>
          </value-definition>
        </value-definitions>
      </attribute-definition>
      <attribute-definition attribute-id="GestPayShopLogin">
        <display-name xml:lang="x-default">GestPay Shop Login</display-name>
        <type>string</type>
        <mandatory-flag>true</mandatory-flag>
        <externally-managed-flag>false</externally-managed-flag>
        <min-length>0</min-length>
      </attribute-definition>
      <attribute-definition attribute-id="GestPayShopLoginSavedCards">
        <display-name xml:lang="x-default">GestPay Shop Login (for saved cards only)</display-name>
        <description xml:lang="x-default">This is used for avoiding the 3d secure code to be asked with saved cards</description>
        <type>string</type>
        <mandatory-flag>true</mandatory-flag>
        <externally-managed-flag>false</externally-managed-flag>
        <min-length>0</min-length>
      </attribute-definition>
      <attribute-definition attribute-id="GestPayTestMode">
        <display-name xml:lang="x-default">GestPay Test Mode</display-name>
        <type>boolean</type>
        <mandatory-flag>true</mandatory-flag>
        <externally-managed-flag>false</externally-managed-flag>
        <default-value>true</default-value>
      </attribute-definition>
      <attribute-definition attribute-id="GestPayPaymentMode">
        <display-name xml:lang="x-default">GestPay Payment Mode</display-name>
        <type>enum-of-string</type>
        <mandatory-flag>false</mandatory-flag>
        <externally-managed-flag>false</externally-managed-flag>
        <value-definitions>
          <value-definition default="true">
            <display xml:lang="x-default">IFRAME</display>
            <value>iframe</value>
          </value-definition>
          <value-definition>
            <display xml:lang="x-default">S2S</display>
            <value>s2s</value>
          </value-definition>
        </value-definitions>
      </attribute-definition>
      <attribute-definition attribute-id="GestPayPendingOrderTimeOut">
        <display-name xml:lang="x-default">GestPay Pending Order Time Out</display-name>
        <description xml:lang="x-default">Hours before cancel an order with payment in pending status.&#13; The default value is 24H, is possible set a value between 12H and 48H.</description>
        <type>int</type>
        <mandatory-flag>false</mandatory-flag>
        <externally-managed-flag>false</externally-managed-flag>
        <min-value>12.0</min-value>
        <max-value>48.0</max-value>
        <default-value>24</default-value>
      </attribute-definition>
      <attribute-definition attribute-id="GestPayIframeToken">
        <display-name xml:lang="x-default">GestPay save credit card token (iframe mode)</display-name>
        <type>boolean</type>
        <mandatory-flag>true</mandatory-flag>
        <externally-managed-flag>false</externally-managed-flag>
        <min-length>0</min-length>
        <default-value>false</default-value>
      </attribute-definition>
      <attribute-definition attribute-id="GestPayEnableApplePayCart">
        <display-name xml:lang="x-default">Gest Pay Enable Apple Pay Cart e Mini Cart</display-name>
        <type>boolean</type>
        <mandatory-flag>false</mandatory-flag>
        <externally-managed-flag>false</externally-managed-flag>
        <default-value>false</default-value>
      </attribute-definition>
      <attribute-definition attribute-id="GestPayEnableApplePayPDP">
        <display-name xml:lang="x-default">Gest Pay Enable Apple Pay PDP</display-name>
        <type>boolean</type>
        <mandatory-flag>false</mandatory-flag>
        <externally-managed-flag>false</externally-managed-flag>
        <default-value>false</default-value>
      </attribute-definition>
      <attribute-definition attribute-id="GestPayFraudPreventionMode">
        <display-name xml:lang="x-default">GestPay fraud prevention mode</display-name>
        <type>enum-of-string</type>
        <mandatory-flag>false</mandatory-flag>
        <externally-managed-flag>false</externally-managed-flag>
        <value-definitions>
          <value-definition default="true">
            <display xml:lang="x-default">off</display>
            <value>off</value>
          </value-definition>
          <value-definition>
            <display xml:lang="x-default">shadow (riskified training - all transaction will be accepted)</display>
            <value>shadow</value>
          </value-definition>
          <value-definition>
            <display xml:lang="x-default">on</display>
            <value>on</value>
          </value-definition>
        </value-definitions>
      </attribute-definition>
      <attribute-definition attribute-id="GestPayAmazonPayCheckout">
        <display-name xml:lang="x-default">Enable AmazonPay in Checkout</display-name>
        <type>boolean</type>
        <mandatory-flag>false</mandatory-flag>
        <externally-managed-flag>false</externally-managed-flag>
        <default-value>false</default-value>
      </attribute-definition>
      <attribute-definition attribute-id="GestPayPayPalBillingAgreement">
        <display-name xml:lang="x-default">Use the PayPal Billing Agreement</display-name>
        <type>boolean</type>
        <mandatory-flag>false</mandatory-flag>
        <externally-managed-flag>false</externally-managed-flag>
        <default-value>false</default-value>
      </attribute-definition>
      <attribute-definition attribute-id="GestPayPayPalBillingAgreementString">
        <display-name xml:lang="x-default">Terms and conditions for PayPal Billing Agreement</display-name>
        <type>string</type>
        <mandatory-flag>false</mandatory-flag>
        <externally-managed-flag>false</externally-managed-flag>
        <min-length>0</min-length>
        <regex>^.{0,127}$</regex>
      </attribute-definition>
      <attribute-definition attribute-id="GestPayVendorID">
        <display-name xml:lang="x-default">Vendor ID used in order details</display-name>
        <type>string</type>
        <mandatory-flag>false</mandatory-flag>
        <externally-managed-flag>false</externally-managed-flag>
        <min-length>0</min-length>
      </attribute-definition>
      <attribute-definition attribute-id="GestPayVendorName">
        <display-name xml:lang="x-default">Vendor Name used in order details</display-name>
        <type>string</type>
        <mandatory-flag>false</mandatory-flag>
        <externally-managed-flag>false</externally-managed-flag>
        <min-length>0</min-length>
      </attribute-definition>
      <attribute-definition attribute-id="GestPayEnableSellerProtection">
        <display-name xml:lang="x-default">Gest Pay Enable Seller Protection</display-name>
        <type>boolean</type>
        <mandatory-flag>false</mandatory-flag>
        <externally-managed-flag>false</externally-managed-flag>
        <default-value>false</default-value>
      </attribute-definition>
      <attribute-definition attribute-id="GestPayEnableSellerProtectionBNPL">
        <display-name xml:lang="x-default">Gest Pay Enable Seller Protection PayPal Buy Now Pay Later</display-name>
        <type>boolean</type>
        <mandatory-flag>false</mandatory-flag>
        <externally-managed-flag>false</externally-managed-flag>
        <default-value>false</default-value>
      </attribute-definition>
      <attribute-definition attribute-id="GestPayViewTypeImage">
        <display-name xml:lang="x-default">GestPay viewType image for payment</display-name>
        <type>string</type>
        <mandatory-flag>false</mandatory-flag>
        <externally-managed-flag>false</externally-managed-flag>
        <min-length>0</min-length>
        <default-value>small</default-value>
      </attribute-definition>
      <attribute-definition attribute-id="GestPayNewKlarna">
        <display-name xml:lang="x-default">GestPay is new Klarna</display-name>
        <type>boolean</type>
        <mandatory-flag>false</mandatory-flag>
        <externally-managed-flag>false</externally-managed-flag>
        <min-length>0</min-length>
        <default-value>true</default-value>
      </attribute-definition>
      <attribute-definition attribute-id="GestPayGooglePayCart">
        <display-name xml:lang="x-default">Show Google Pay in cart</display-name>
        <description xml:lang="x-default">Determine whether Google Pay has to be show in cart for express checkout.</description>
        <type>boolean</type>
        <mandatory-flag>false</mandatory-flag>
        <externally-managed-flag>false</externally-managed-flag>
        <default-value>true</default-value>
      </attribute-definition>
      <attribute-definition attribute-id="GestPayGooglePayMerchantID">
        <display-name xml:lang="x-default">GooglePay Merchant ID</display-name>
        <description xml:lang="x-default">Mandatory only for PROD</description>
        <type>string</type>
        <mandatory-flag>false</mandatory-flag>
        <externally-managed-flag>false</externally-managed-flag>
        <min-length>0</min-length>
      </attribute-definition>
      <attribute-definition attribute-id="GestPayGooglePayMerchantName">
        <display-name xml:lang="x-default">GooglePay Merchant Name</display-name>
        <type>string</type>
        <mandatory-flag>false</mandatory-flag>
        <externally-managed-flag>false</externally-managed-flag>
        <min-length>0</min-length>
      </attribute-definition>
      <attribute-definition attribute-id="GestPayGooglePayTestMode">
        <display-name xml:lang="x-default">GooglePay Test Mode</display-name>
        <type>boolean</type>
        <mandatory-flag>false</mandatory-flag>
        <externally-managed-flag>false</externally-managed-flag>
        <default-value>true</default-value>
      </attribute-definition>
      <attribute-definition attribute-id="GestPayPayByLinkShopLogin">
        <display-name xml:lang="x-default">GestPay Pay By Link ShopLogin</display-name>
        <type>string</type>
        <mandatory-flag>false</mandatory-flag>
        <externally-managed-flag>false</externally-managed-flag>
      </attribute-definition>
      <attribute-definition attribute-id="GestPayPayByLinkApikey">
        <display-name xml:lang="x-default">GestPay Pay By Link Apikey</display-name>
        <type>string</type>
        <mandatory-flag>false</mandatory-flag>
        <externally-managed-flag>false</externally-managed-flag>
      </attribute-definition>
      <attribute-definition attribute-id="GestPayPayByLinkValidityTime">
        <display-name xml:lang="x-default">GestPay Pay By Link Validity Time</display-name>
        <type>int</type>
        <mandatory-flag>false</mandatory-flag>
        <externally-managed-flag>false</externally-managed-flag>
      </attribute-definition>
    </custom-attribute-definitions>
    <group-definitions>
      <attribute-group group-id="GestPayConfigs">
        <display-name xml:lang="x-default">GestPay Configurations</display-name>
        <attribute attribute-id="GestPayShopLogin"/>
        <attribute attribute-id="GestPayShopLoginSavedCards"/>
        <attribute attribute-id="GestPayEnableSellerProtection"/>
        <attribute attribute-id="GestPayEnableSellerProtectionBNPL"/>
        <attribute attribute-id="GestPayApikey"/>
        <attribute attribute-id="GestPayCompatibilityVersion"/>
        <attribute attribute-id="GestPayTestMode"/>
        <attribute attribute-id="GestPayFraudPreventionMode"/>
        <attribute attribute-id="GestPayVendorID"/>
        <attribute attribute-id="GestPayVendorName"/>
        <attribute attribute-id="GestPayPaymentMode"/>
        <attribute attribute-id="GestPayIframeToken"/>
        <attribute attribute-id="GestPayAmazonPayCheckout"/>
        <attribute attribute-id="GestPayPayPalBillingAgreementString"/>
        <attribute attribute-id="GestPayPayPalBillingAgreement"/>
        <attribute attribute-id="GestPayPendingOrderTimeOut"/>
        <attribute attribute-id="GestPayEnableApplePayCart"/>
        <attribute attribute-id="GestPayEnableApplePayPDP"/>
        <attribute attribute-id="GestPayViewTypeImage"/>
        <attribute attribute-id="GestPayNewKlarna"/>
        <attribute attribute-id="GestPayGooglePayMerchantID" />
        <attribute attribute-id="GestPayGooglePayMerchantName" />
        <attribute attribute-id="GestPayGooglePayTestMode" />
        <attribute attribute-id="GestPayGooglePayCart" />
      </attribute-group>
      <attribute-group group-id="GestPayPayByLinkConfigs">
        <display-name xml:lang="x-default">GestPay PayByLink Configurations</display-name>
        <attribute attribute-id="GestPayPayByLinkShopLogin"/>
        <attribute attribute-id="GestPayPayByLinkApikey"/>
        <attribute attribute-id="GestPayPayByLinkValidityTime"/>
      </attribute-group>
    </group-definitions>
  </type-extension>

  <type-extension type-id="ProductLineItem">
    <custom-attribute-definitions>
      <attribute-definition attribute-id="GestPayProductImage">
        <display-name xml:lang="x-default">Gestpay - Product image url</display-name>
        <type>string</type>
        <mandatory-flag>false</mandatory-flag>
        <externally-managed-flag>false</externally-managed-flag>
        <min-length>0</min-length>
      </attribute-definition>
    </custom-attribute-definitions>
    <group-definitions>
      <attribute-group group-id="Customization">
        <display-name xml:lang="x-default">GestPay</display-name>
        <attribute attribute-id="GestPayProductImage"/>
      </attribute-group>
    </group-definitions>
  </type-extension>

</metadata>
