{
    "step-types": {
        "script-module-step": [{
            "@type-id": "custom.GestPay.StatusCheck",
            "@supports-parallel-execution": "false",
            "@supports-site-context": "true",
            "@supports-organization-context": "false",
            "description": "update orders status according to Gestpay payment status.",
            "timeout-in-seconds": "180000",
            "module": "int_gestpay_core/cartridge/scripts/jobs/checkOrder.js",
            "function": "execute",
            "parameters": {
                "parameters": []
            }
        }]
    }
}