<?xml version="1.0" encoding="UTF-8"?>
<payment-processors xmlns="http://www.demandware.com/xml/impex/paymentprocessor/2007-03-31">
    
    <payment-processor processor-id="GESTPAY_PAYMENT_GATEWAY">
        <description>Gestpay as a Payment Gateway</description>
        <preferences>
            <all-instances/>
            <development/>
            <staging/>
            <production/>
        </preferences>
    </payment-processor>

    <payment-processor processor-id="GESTPAY_CREDIT">
        <description>gestpay credit processor</description>
        <preferences>
            <all-instances/>
            <development/>
            <staging/>
            <production/>
        </preferences>
    </payment-processor>

</payment-processors>
