<?xml version="1.0" encoding="UTF-8"?>
<metadata xmlns="http://www.demandware.com/xml/impex/metadata/2006-10-31">
	<custom-type type-id="gestpayNotification">
        <display-name xml:lang="x-default">GestPay Notification</display-name>
        <description xml:lang="x-default">GestPay Notification</description>
        <staging-mode>no-staging</staging-mode>
        <storage-scope>organization</storage-scope>
        <retention-days>3</retention-days>
        <key-definition attribute-id="notificationId">
            <type>string</type>
            <min-length>0</min-length>
        </key-definition>
        <attribute-definitions>
            <attribute-definition attribute-id="notificationSiteId">
                <display-name xml:lang="x-default">Notification Site Id</display-name>
                <type>string</type>
                <localizable-flag>false</localizable-flag>
                <mandatory-flag>false</mandatory-flag>
                <externally-managed-flag>false</externally-managed-flag>
                <min-length>0</min-length>
            </attribute-definition>
            <attribute-definition attribute-id="decryptNotificationResult">
                <display-name xml:lang="x-default">Decrypt notification result</display-name>
                <type>string</type>
                <localizable-flag>false</localizable-flag>
                <mandatory-flag>false</mandatory-flag>
                <externally-managed-flag>false</externally-managed-flag>
                <min-length>0</min-length>
            </attribute-definition>
            <attribute-definition attribute-id="message">
                <display-name xml:lang="x-default">Message</display-name>
                <type>string</type>
                <localizable-flag>false</localizable-flag>
                <mandatory-flag>false</mandatory-flag>
                <externally-managed-flag>false</externally-managed-flag>
                <min-length>0</min-length>
            </attribute-definition>
            <attribute-definition attribute-id="requestCryptDecryptString">
                <display-name xml:lang="x-default">Request CryptDecrypt</display-name>
                <type>string</type>
                <localizable-flag>false</localizable-flag>
                <mandatory-flag>false</mandatory-flag>
                <externally-managed-flag>false</externally-managed-flag>
                <min-length>0</min-length>
            </attribute-definition>
            <attribute-definition attribute-id="requestShopLogin">
                <display-name xml:lang="x-default">Request Shop Login</display-name>
                <type>string</type>
                <localizable-flag>false</localizable-flag>
                <mandatory-flag>false</mandatory-flag>
                <externally-managed-flag>false</externally-managed-flag>
                <min-length>0</min-length>
            </attribute-definition>
            <attribute-definition attribute-id="status">
                <display-name xml:lang="x-default">Status</display-name>
                <type>enum-of-string</type>
                <localizable-flag>false</localizable-flag>
                <mandatory-flag>false</mandatory-flag>
                <externally-managed-flag>false</externally-managed-flag>
                <value-definitions>
                    <value-definition>
                        <display xml:lang="x-default">PENDING</display>
                        <value>PENDING</value>
                    </value-definition>
                    <value-definition>
                        <display xml:lang="x-default">PROCESSED</display>
                        <value>PROCESSED</value>
                    </value-definition>
                    <value-definition>
                        <display xml:lang="x-default">PROCESS</display>
                        <value>PROCESS</value>
                    </value-definition>
                    <value-definition>
                        <display xml:lang="x-default">ERROR</display>
                        <value>ERROR</value>
                    </value-definition>
                </value-definitions>
            </attribute-definition>
        </attribute-definitions>
        <group-definitions>
            <attribute-group group-id="general">
                <display-name xml:lang="x-default">General</display-name>
                <attribute attribute-id="status"/>
                <attribute attribute-id="message"/>
                <attribute attribute-id="notificationId"/>
                <attribute attribute-id="notificationSiteId"/>
                <attribute attribute-id="requestShopLogin"/>
                <attribute attribute-id="requestCryptDecryptString"/>
                <attribute attribute-id="creationDate" system="true"/>
                <attribute attribute-id="lastModified" system="true"/>
                <attribute attribute-id="decryptNotificationResult"/>
            </attribute-group>
        </group-definitions>
    </custom-type>
</metadata>