<?xml version="1.0" encoding="UTF-8"?>
<metadata xmlns="http://www.demandware.com/xml/impex/metadata/2006-10-31">

    <type-extension type-id="Basket">
        <custom-attribute-definitions>
            <attribute-definition attribute-id="gestPayCryptDecryptString">
                <display-name xml:lang="x-default">CryptDecryptString for banca sella</display-name>
                <type>string</type>
                <mandatory-flag>false</mandatory-flag>
                <externally-managed-flag>false</externally-managed-flag>
                <min-length>0</min-length>
            </attribute-definition>
        </custom-attribute-definitions>
        <group-definitions>
            <attribute-group group-id="gestpay">
                <display-name xml:lang="x-default">gestpay attributes</display-name>
                <attribute attribute-id="gestPayCryptDecryptString"/>
            </attribute-group>
        </group-definitions>
    </type-extension>

    <type-extension type-id="CustomerPaymentInstrument">
        <custom-attribute-definitions>
            <attribute-definition attribute-id="isGestPayToken">
                <display-name xml:lang="x-default">Banca Sella token</display-name>
                <type>boolean</type>
                <mandatory-flag>false</mandatory-flag>
                <externally-managed-flag>false</externally-managed-flag>
            </attribute-definition>
            <attribute-definition attribute-id="tokenExpiryMonth">
                <display-name xml:lang="x-default">Banca Sella token expiry month</display-name>
                <type>string</type>
                <mandatory-flag>false</mandatory-flag>
                <externally-managed-flag>false</externally-managed-flag>
                <min-length>1</min-length>
            </attribute-definition>
            <attribute-definition attribute-id="tokenExpiryYear">
                <display-name xml:lang="x-default">Banca Sella token expiry year</display-name>
                <type>string</type>
                <mandatory-flag>false</mandatory-flag>
                <externally-managed-flag>false</externally-managed-flag>
                <min-length>1</min-length>
            </attribute-definition>
        </custom-attribute-definitions>
        <group-definitions>
            <attribute-group group-id="gestpay">
                <display-name xml:lang="x-default">gestpay attributes</display-name>
                <attribute attribute-id="isGestPayToken"/>
            </attribute-group>
        </group-definitions>
    </type-extension>

    <type-extension type-id="Order">
        <custom-attribute-definitions>
            <attribute-definition attribute-id="bankTransactionID">
                <display-name xml:lang="x-default">Bank Transaction ID for banca sella</display-name>
                <type>string</type>
                <mandatory-flag>false</mandatory-flag>
                <externally-managed-flag>false</externally-managed-flag>
                <min-length>0</min-length>
            </attribute-definition>
            <attribute-definition attribute-id="gestPayCryptDecryptString">
                <display-name xml:lang="x-default">CryptDecryptString for banca sella</display-name>
                <type>string</type>
                <mandatory-flag>false</mandatory-flag>
                <externally-managed-flag>false</externally-managed-flag>
                <min-length>0</min-length>
            </attribute-definition>
            <attribute-definition attribute-id="gestPayTransactionResult">
                <display-name xml:lang="x-default">transaction result</display-name>
                <type>string</type>
                <mandatory-flag>false</mandatory-flag>
                <externally-managed-flag>true</externally-managed-flag>
                <min-length>0</min-length>
            </attribute-definition>
            <attribute-definition attribute-id="transKey">
                <display-name xml:lang="x-default">Bank Transaction key for banca sella 3d secure</display-name>
                <type>string</type>
                <mandatory-flag>false</mandatory-flag>
                <externally-managed-flag>false</externally-managed-flag>
                <min-length>0</min-length>
            </attribute-definition>
            <attribute-definition attribute-id="amazonOrderReferenceID">
                <display-name xml:lang="x-default">Amazon Pay Order Reference ID</display-name>
                <type>string</type>
                <mandatory-flag>false</mandatory-flag>
                <externally-managed-flag>false</externally-managed-flag>
                <min-length>0</min-length>
            </attribute-definition>
        </custom-attribute-definitions>
        <group-definitions>
            <attribute-group group-id="gestpay">
                <display-name xml:lang="x-default">gestpay attributes</display-name>
                <attribute attribute-id="gestPayTransactionResult"/>
            </attribute-group>
            <attribute-group group-id="AmazonPay">
                <display-name xml:lang="x-default">Amazon Pay Configurations</display-name>
                <attribute attribute-id="amazonOrderReferenceID"/>
            </attribute-group>
        </group-definitions>
    </type-extension>

    <type-extension type-id="OrderPaymentInstrument">
        <custom-attribute-definitions>
            <attribute-definition attribute-id="fraudCheckCode">
                <display-name xml:lang="x-default">Risk Fraud Score Code</display-name>
                <type>string</type>
                <mandatory-flag>false</mandatory-flag>
                <externally-managed-flag>false</externally-managed-flag>
                <min-length>0</min-length>
            </attribute-definition>
            <attribute-definition attribute-id="fraudCheckMode">
                <display-name xml:lang="x-default">Risk Fraud Mode</display-name>
                <type>string</type>
                <mandatory-flag>false</mandatory-flag>
                <externally-managed-flag>true</externally-managed-flag>
                <min-length>0</min-length>
            </attribute-definition>
            <attribute-definition attribute-id="fraudCheckResponseList">
                <display-name xml:lang="x-default">Risk Fraud Score of the transaction, given by Gestpay Guaranteed Checkout</display-name>
                <type>set-of-string</type>
                <mandatory-flag>false</mandatory-flag>
                <externally-managed-flag>true</externally-managed-flag>
            </attribute-definition>
            <attribute-definition attribute-id="gestPayShopLogin">
                <display-name xml:lang="x-default">GestPay Shop Login used for the transaction</display-name>
                <type>string</type>
                <mandatory-flag>false</mandatory-flag>
                <externally-managed-flag>false</externally-managed-flag>
                <min-length>0</min-length>
            </attribute-definition>
            <attribute-definition attribute-id="gestPayTransactionResult">
                <display-name xml:lang="x-default">Gestpay transaction result ( OK / KO / XX )</display-name>
                <type>string</type>
                <mandatory-flag>false</mandatory-flag>
                <externally-managed-flag>false</externally-managed-flag>
                <min-length>0</min-length>
            </attribute-definition>
            <attribute-definition attribute-id="isGestPayToken">
                <display-name xml:lang="x-default">Banca Sella token</display-name>
                <type>boolean</type>
                <mandatory-flag>false</mandatory-flag>
                <externally-managed-flag>false</externally-managed-flag>
            </attribute-definition>
            <attribute-definition attribute-id="isS2s">
                <display-name xml:lang="x-default">Force the payment transaction to be server to server</display-name>
                <type>boolean</type>
                <mandatory-flag>false</mandatory-flag>
                <externally-managed-flag>true</externally-managed-flag>
            </attribute-definition>
        </custom-attribute-definitions>
        <group-definitions>
            <attribute-group group-id="gestpay">
                <display-name xml:lang="x-default">gestpay attributes</display-name>
                <attribute attribute-id="fraudCheckCode"/>
                <attribute attribute-id="fraudCheckMode"/>
                <attribute attribute-id="fraudCheckResponseList"/>
                <attribute attribute-id="gestPayTransactionResult"/>
                <attribute attribute-id="isGestPayToken"/>
                <attribute attribute-id="gestPayShopLogin"/>
                <attribute attribute-id="isS2s"/>
            </attribute-group>
        </group-definitions>
    </type-extension>

    <type-extension type-id="PaymentTransaction">
        <custom-attribute-definitions>
            <attribute-definition attribute-id="gestPayCryptDecryptString">
                <display-name xml:lang="x-default">CryptDecryptString for banca sella</display-name>
                <type>string</type>
                <mandatory-flag>false</mandatory-flag>
                <externally-managed-flag>false</externally-managed-flag>
                <min-length>0</min-length>
            </attribute-definition>
            <attribute-definition attribute-id="gestPayDencryptResult">
                <display-name xml:lang="x-default">Dencrypt result (JSON) used for credit card iframe, S2S notifications and alternative payment methods</display-name>
                <type>string</type>
                <mandatory-flag>false</mandatory-flag>
                <externally-managed-flag>true</externally-managed-flag>
                <min-length>0</min-length>
            </attribute-definition>
            <attribute-definition attribute-id="gestPayEncryptResult">
                <display-name xml:lang="x-default">Encrypt result (JSON) used for credit card iframe and alternative payment methods</display-name>
                <type>string</type>
                <mandatory-flag>false</mandatory-flag>
                <externally-managed-flag>true</externally-managed-flag>
                <min-length>0</min-length>
            </attribute-definition>
            <attribute-definition attribute-id="gestPaySendPaymentResult">
                <display-name xml:lang="x-default">SendPayment result (JSON) used for credit card iframe</display-name>
                <type>string</type>
                <mandatory-flag>false</mandatory-flag>
                <externally-managed-flag>true</externally-managed-flag>
                <min-length>0</min-length>
            </attribute-definition>
            <attribute-definition attribute-id="gestPayShopTransactionID">
                <display-name xml:lang="x-default">Banca Sella Shop transaction ID</display-name>
                <type>string</type>
                <mandatory-flag>false</mandatory-flag>
                <externally-managed-flag>false</externally-managed-flag>
                <min-length>0</min-length>
            </attribute-definition>
            <attribute-definition attribute-id="gestPayTransKey">
                <display-name xml:lang="x-default">Bank Transaction key for banca sella 3d secure</display-name>
                <type>string</type>
                <mandatory-flag>false</mandatory-flag>
                <externally-managed-flag>false</externally-managed-flag>
                <min-length>0</min-length>
            </attribute-definition>
        </custom-attribute-definitions>
        <group-definitions>
            <attribute-group group-id="gestpay">
                <display-name xml:lang="x-default">gestpay attributes</display-name>
                <attribute attribute-id="gestPayEncryptResult"/>
                <attribute attribute-id="gestPayDencryptResult"/>
                <attribute attribute-id="gestPaySendPaymentResult"/>
                <attribute attribute-id="gestPayTransKey"/>
            </attribute-group>
        </group-definitions>
    </type-extension>

    <type-extension type-id="SitePreferences">
        <custom-attribute-definitions>
            <attribute-definition attribute-id="BaseCartridge">
                <display-name xml:lang="x-default">Base Cartridge</display-name>
                <description xml:lang="x-default">Cartridge that contains the Account controller</description>
                <type>string</type>
                <mandatory-flag>true</mandatory-flag>
                <externally-managed-flag>false</externally-managed-flag>
                <min-length>0</min-length>
                <default-value>app_storefront_controllers</default-value>
            </attribute-definition>
            <attribute-definition attribute-id="BaseCartridgeController">
                <display-name xml:lang="x-default">Base Cartridge Controller</display-name>
                <type>string</type>
                <mandatory-flag>true</mandatory-flag>
                <externally-managed-flag>false</externally-managed-flag>
                <min-length>0</min-length>
                <default-value>sitegenesis_storefront_controllers</default-value>
            </attribute-definition>
            <attribute-definition attribute-id="BaseCartridgeCore">
                <display-name xml:lang="x-default">Base Cartridge Core</display-name>
                <type>string</type>
                <mandatory-flag>true</mandatory-flag>
                <externally-managed-flag>false</externally-managed-flag>
                <min-length>0</min-length>
                <default-value>sitegenesis_storefront_core</default-value>
            </attribute-definition>
            <attribute-definition attribute-id="GestPayApikey">
                <display-name xml:lang="x-default">API Key</display-name>
                <type>string</type>
                <mandatory-flag>false</mandatory-flag>
                <externally-managed-flag>false</externally-managed-flag>
                <min-length>0</min-length>
            </attribute-definition>
            <attribute-definition attribute-id="GestPayAppJsFolder">
                <display-name xml:lang="x-default">Base App.js folder</display-name>
                <type>string</type>
                <mandatory-flag>true</mandatory-flag>
                <externally-managed-flag>false</externally-managed-flag>
                <min-length>0</min-length>
                <default-value>js</default-value>
            </attribute-definition>
            <attribute-definition attribute-id="GestPayShopLogin">
                <display-name xml:lang="x-default">GestPay Shop Login</display-name>
                <type>string</type>
                <mandatory-flag>true</mandatory-flag>
                <externally-managed-flag>false</externally-managed-flag>
                <min-length>0</min-length>
            </attribute-definition>
            <attribute-definition attribute-id="GestPayShopLoginSavedCards">
                <display-name xml:lang="x-default">GestPay Shop Login (for saved cards only)</display-name>
                <description xml:lang="x-default">This is used for avoiding the 3d secure code to be asked with saved cards</description>
                <type>string</type>
                <mandatory-flag>true</mandatory-flag>
                <externally-managed-flag>false</externally-managed-flag>
                <min-length>0</min-length>
            </attribute-definition>
            <attribute-definition attribute-id="GestPayFraudPreventionMode">
                <display-name xml:lang="x-default">GestPay fraud prevention mode</display-name>
                <type>enum-of-string</type>
                <mandatory-flag>false</mandatory-flag>
                <externally-managed-flag>false</externally-managed-flag>
                <value-definitions>
                <value-definition default="true">
                    <display xml:lang="x-default">off</display>
                    <value>off</value>
                </value-definition>
                <value-definition>
                    <display xml:lang="x-default">shadow (riskified training - all transaction will be accepted)</display>
                    <value>shadow</value>
                </value-definition>
                <value-definition>
                    <display xml:lang="x-default">on</display>
                    <value>on</value>
                </value-definition>
                </value-definitions>
            </attribute-definition>
            <attribute-definition attribute-id="GestPayIframeToken">
                <display-name xml:lang="x-default">GestPay save credit card token (iframe mode)</display-name>
                <type>boolean</type>
                <mandatory-flag>true</mandatory-flag>
                <externally-managed-flag>false</externally-managed-flag>
                <default-value>false</default-value>
            </attribute-definition>
            <attribute-definition attribute-id="GestPayPayPalBillingAgreement">
                <display-name xml:lang="x-default">Use the PayPal Billing Agreement</display-name>
                <type>boolean</type>
                <mandatory-flag>false</mandatory-flag>
                <externally-managed-flag>false</externally-managed-flag>
                <default-value>false</default-value>
            </attribute-definition>
            <attribute-definition attribute-id="GestPayPayPalBillingAgreementString">
                <display-name xml:lang="x-default">Terms and conditions for PayPal Billing Agreement</display-name>
                <type>string</type>
                <mandatory-flag>false</mandatory-flag>
                <externally-managed-flag>false</externally-managed-flag>
                <min-length>0</min-length>
                <regex>^.{0,127}$</regex>
            </attribute-definition>
            <attribute-definition attribute-id="GestPayPaymentMode">
                <display-name xml:lang="x-default">GestPay Payment Mode</display-name>
                <description xml:lang="x-default">GestPay Payment Mode</description>
                <type>enum-of-string</type>
                <mandatory-flag>false</mandatory-flag>
                <externally-managed-flag>false</externally-managed-flag>
                <value-definitions>
                    <value-definition default="true">
                        <display xml:lang="x-default">IFRAME</display>
                        <value>iframe</value>
                    </value-definition>
                    <value-definition>
                        <display xml:lang="x-default">S2S</display>
                        <value>s2s</value>
                    </value-definition>
                </value-definitions>
            </attribute-definition>
            <attribute-definition attribute-id="GestPayProcessor">
                <display-name xml:lang="x-default">Enable GestPay</display-name>
                <type>boolean</type>
                <mandatory-flag>true</mandatory-flag>
                <externally-managed-flag>false</externally-managed-flag>
                <default-value>false</default-value>
            </attribute-definition>
            <attribute-definition attribute-id="GestPayTestMode">
                <display-name xml:lang="x-default">GestPay Test Mode</display-name>
                <type>boolean</type>
                <mandatory-flag>true</mandatory-flag>
                <externally-managed-flag>false</externally-managed-flag>
                <default-value>true</default-value>
            </attribute-definition>
            <attribute-definition attribute-id="GestPayVendorID">
                <display-name xml:lang="x-default">Vendor ID used in order details</display-name>
                <type>string</type>
                <mandatory-flag>false</mandatory-flag>
                <externally-managed-flag>false</externally-managed-flag>
                <min-length>0</min-length>
            </attribute-definition>
            <attribute-definition attribute-id="GestPayVendorName">
                <display-name xml:lang="x-default">Vendor Name used in order details</display-name>
                <type>string</type>
                <mandatory-flag>false</mandatory-flag>
                <externally-managed-flag>false</externally-managed-flag>
                <min-length>0</min-length>
            </attribute-definition>
            <attribute-definition attribute-id="amazonCountryCode">
                <display-name xml:lang="x-default">Country Code for Current Site</display-name>
                <description xml:lang="x-default">US by default. Use this dropdown to configure the merchant country for the instance; the available options are: United States (us), United Kingdom (uk) and Germany (de).</description>
                <type>enum-of-string</type>
                <mandatory-flag>false</mandatory-flag>
                <externally-managed-flag>false</externally-managed-flag>
                <value-definitions>
                    <value-definition default="true">
                        <display xml:lang="x-default">United States</display>
                        <value>us</value>
                    </value-definition>
                    <value-definition>
                        <display xml:lang="x-default">Germany</display>
                        <value>de</value>
                    </value-definition>
                    <value-definition>
                        <display xml:lang="x-default">United Kingdom</display>
                        <value>uk</value>
                    </value-definition>
                    <value-definition>
                        <display xml:lang="x-default">Japan</display>
                        <value>jp</value>
                    </value-definition>
                </value-definitions>
            </attribute-definition>
            <attribute-definition attribute-id="amazonIsEnable">
                <display-name xml:lang="x-default">Enable Amazon Pay Method</display-name>
                <description xml:lang="x-default">Used to enable/disable Amazon Pay cartridge; if disabled, users will not be able to checkout using Amazon Pay.</description>
                <type>boolean</type>
                <mandatory-flag>false</mandatory-flag>
                <externally-managed-flag>false</externally-managed-flag>
            </attribute-definition>
            <attribute-definition attribute-id="amazonPreferredLocale">
                <display-name xml:lang="x-default">Preferred locale</display-name>
                <description xml:lang="x-default">Used to associate a language with a Login with Amazon Pay button or with Amazon Pay button offering multi language support for a Login and Pay with Amazon experience for buyers.</description>
                <type>string</type>
                <mandatory-flag>false</mandatory-flag>
                <externally-managed-flag>false</externally-managed-flag>
                <min-length>0</min-length>
            </attribute-definition>
            <attribute-definition attribute-id="amazonSandboxMode">
                <display-name xml:lang="x-default">Use Amazon Pay Sandbox Mode</display-name>
                <description xml:lang="x-default">If checked, the Amazon Pay cartridge will work on sandbox mode; when in production, uncheck this option.</description>
                <type>boolean</type>
                <mandatory-flag>false</mandatory-flag>
                <externally-managed-flag>false</externally-managed-flag>
            </attribute-definition>
        </custom-attribute-definitions>
        <group-definitions>
            <attribute-group group-id="GestPayConfigs">
                <display-name xml:lang="x-default">GestPay Configurations</display-name>
                <attribute attribute-id="GestPayShopLogin"/>
                <attribute attribute-id="GestPayShopLoginSavedCards"/>
                <attribute attribute-id="GestPayApikey"/>
                <attribute attribute-id="GestPayTestMode"/>
                <attribute attribute-id="GestPayFraudPreventionMode"/>
                <attribute attribute-id="GestPayVendorID"/>
                <attribute attribute-id="GestPayVendorName"/>
                <attribute attribute-id="GestPayPaymentMode"/>
                <attribute attribute-id="GestPayIframeToken"/>
                <attribute attribute-id="GestPayPayPalBillingAgreementString"/>
                <attribute attribute-id="GestPayPayPalBillingAgreement"/>
            </attribute-group>
            <attribute-group group-id="AmazonPay">
                <display-name xml:lang="x-default">Amazon Pay Configurations</display-name>
                <attribute attribute-id="amazonCountryCode"/>
                <attribute attribute-id="amazonIsEnable"/>
                <attribute attribute-id="amazonPreferredLocale"/>
                <attribute attribute-id="amazonSandboxMode"/>
            </attribute-group>
        </group-definitions>
    </type-extension>

</metadata>
